,0,1,2,3,4,5,6,7,8,9
0,0.0,3997.457464546961,3997.457464546961,35.61381575247543,12845.53000759784,12845.53000759784,35.61381575247543,7669.171767139196,7669.171767139196,35.61381575247543
1,2.5,3997.457464546961,30167.806585640712,35.73817397560425,12845.53000759784,21295.2913601369,35.67876118548267,7669.171767139196,24806.203017139196,35.69938473049894
2,5.0,3997.457464546961,56338.15570673446,35.858486550492415,12845.53000759784,29745.052712675963,35.74249919521634,7669.171767139196,41943.234267139196,35.7836299076609
3,7.5,3997.457464546961,82508.5048278282,35.95831531152281,12845.53000759784,38194.814065215025,35.80719046959632,7669.171767139196,59080.265517139196,35.8669390311709
4,10.0,3997.457464546961,108678.85394892195,36.05752968752274,12845.53000759784,46644.57541775409,35.86679639856981,7669.171767139196,76217.2967671392,35.93665686810455
5,12.5,3997.457464546961,134849.2030700157,36.159086853768954,12845.53000759784,55094.33677029315,35.9279081205563,7669.171767139196,93354.3280171392,36.00061664191473
6,15.0,3997.457464546961,161019.55219110945,36.25418477542433,12845.53000759784,63544.09812283221,35.968902683853955,7669.171767139196,110491.3592671392,36.0687525512482
7,17.5,3997.457464546961,187189.9013122032,36.34144054046361,12845.53000759784,71993.85947537128,36.021074236202836,7669.171767139196,127628.3905171392,36.13713799659386
8,20.0,3997.457464546961,213360.25043329695,36.40964773372115,12845.53000759784,80443.62082791034,36.07214105836432,7669.171767139196,144765.4217671392,36.20437046139101
9,22.5,3997.457464546961,239530.5995543907,36.448029530089826,12845.53000759784,88893.38218044941,36.12612984428204,7669.171767139196,161902.4530171392,36.26738206167658
10,25.0,3997.457464546961,265700.94867548445,36.497199814809434,12845.53000759784,97343.14353298847,36.17475511504212,7669.171767139196,179039.4842671392,36.32773879280815
11,27.5,3997.457464546961,291871.2977965782,36.54626023564552,12845.53000759784,105792.90488552753,36.22387544960604,7669.171767139196,196176.5155171392,36.38580237957237
12,30.0,3997.457464546961,318041.64691767195,36.5887027687065,12845.53000759784,114242.6662380666,36.270909776979764,7669.171767139196,213313.5467671392,36.41080040898421
13,32.5,3997.457464546961,344211.9960387657,36.625059739220774,12845.53000759784,122692.42759060566,36.319072517692604,7669.171767139196,230450.5780171392,36.44044115894421
14,35.0,3997.457464546961,370382.34515985945,36.594717903743856,12845.53000759784,131142.18894314472,36.36239153257845,7669.171767139196,247587.6092671392,36.47983579884407
15,37.5,3997.457464546961,396552.6942809532,36.5841774428797,12845.53000759784,139591.95029568378,36.405063471956964,7669.171767139196,264724.6405171392,36.5113540995947
16,40.0,3997.457464546961,422723.04340204695,36.57786287489862,12845.53000759784,148041.71164822284,36.413829590410586,7669.171767139196,281861.6717671392,36.54791575254811
17,42.5,3997.457464546961,448893.3925231407,36.56618323364413,12845.53000759784,156491.4730007619,36.43823477375304,7669.171767139196,298998.7030171392,36.57275278296086
18,45.0,3997.457464546961,475063.74164423445,36.54984242278011,12845.53000759784,164941.23435330097,36.46425287450913,7669.171767139196,316135.7342671392,36.59747777287964
19,47.5,3997.457464546961,501234.0907653282,36.4782037619031,12845.53000759784,173390.99570584003,36.489250379520776,7669.171767139196,333272.7655171392,36.62038055471329
20,50.0,3997.457464546961,527404.439886422,36.40675513059138,12845.53000759784,181840.7570583791,36.514614122357415,7669.171767139196,350409.7967671392,36.60226516091384
21,52.5,3997.457464546961,553574.7890075158,36.34214393871057,12845.53000759784,190290.51841091816,36.53849038916854,7669.171767139196,367546.8280171392,36.59258404734157
22,55.0,3997.457464546961,579745.1381286095,36.28409200759204,12845.53000759784,198740.27976345722,36.562222717425406,7669.171767139196,384683.8592671392,36.58349638217952
23,57.5,3997.457464546961,605915.4872497033,36.221204256333614,12845.53000759784,207190.04111599628,36.58289314673967,7669.171767139196,401820.8905171392,36.57526018008205
24,60.0,3997.457464546961,632085.836370797,36.15288472231964,12845.53000759784,215639.80246853534,36.60266483376448,7669.171767139196,418957.9217671392,36.56704881411195
25,62.5,3997.457464546961,658256.1854918908,36.00192343519869,12845.53000759784,224089.5638210744,36.619120600427884,7669.171767139196,436094.9530171392,36.56237280237959
26,65.0,3997.457464546961,684426.5346129845,35.90316254710766,12845.53000759784,232539.32517361347,36.59359677162428,7669.171767139196,453231.9842671392,36.54971118872144
27,67.5,3997.457464546961,710596.8837340783,35.800318785993184,12845.53000759784,240989.08652615253,36.58574068960819,7669.171767139196,470369.0155171392,36.53696701067857
28,70.0,3997.457464546961,736767.232855172,35.695639308830415,12845.53000759784,249438.8478786916,36.581059593468815,7669.171767139196,487506.0467671392,36.4689938616567
29,72.5,3997.457464546961,762937.5819762658,35.59186023182809,12845.53000759784,257888.60923123066,36.57562494985146,7669.171767139196,504643.0780171392,36.41737896277922
30,75.0,3997.457464546961,789107.9310973595,35.43587849788282,12845.53000759784,266338.3705837697,36.57112016455996,7669.171767139196,521780.1092671392,36.367971876864694
31,77.5,3997.457464546961,815278.2802184533,35.29878269479958,12845.53000759784,274788.13193630875,36.5666420044747,7669.171767139196,538917.1405171392,36.337185271387796
32,80.0,3997.457464546961,841448.629339547,35.17149693645867,12845.53000759784,283237.8932888478,36.56103607442629,7669.171767139196,556054.1717671392,36.29491678383691
33,82.5,3997.457464546961,867618.9784606408,35.04695445517505,12845.53000759784,291687.6546413869,36.55462711465848,7669.171767139196,573191.2030171392,36.248983880766055
34,85.0,3997.457464546961,893789.3275817345,34.91920674718664,12845.53000759784,300137.41599392594,36.54673991396627,7669.171767139196,590328.2342671392,36.19594030020136
35,87.5,3997.457464546961,919959.6767028283,34.783806591307965,12845.53000759784,308587.177346465,36.53743762822677,7669.171767139196,607465.2655171392,36.15304337133476
36,90.0,3997.457464546961,946130.025823922,34.610399742252966,12845.53000759784,317036.93869900407,36.489790789100994,7669.171767139196,624602.2967671392,36.03633644632192
37,92.5,3997.457464546961,972300.3749450158,34.46567416638816,12845.53000759784,325486.7000515431,36.444713463953754,7669.171767139196,641739.3280171392,35.962500504841785
38,95.0,3997.457464546961,998470.7240661095,34.32751578253007,12845.53000759784,333936.4614040822,36.41197569466057,7669.171767139196,658876.3592671392,35.89068022191538
39,97.5,3997.457464546961,1024641.0731872033,34.1956292846285,12845.53000759784,342386.22275662125,36.37679611610166,7669.171767139196,676013.3905171392,35.83164444842649
40,100.0,3997.457464546961,1050811.422308297,34.067821913084664,12845.53000759784,350835.9841091603,36.34690721871997,7669.171767139196,693150.4217671392,35.749854404443646
41,102.5,3997.457464546961,1076981.7714293906,33.88943470747152,12845.53000759784,359285.7454616994,36.31242636815689,7669.171767139196,710287.4530171392,35.68668949971871
42,105.0,3997.457464546961,1103152.1205504844,33.73201900892232,12845.53000759784,367735.50681423844,36.280075363642716,7669.171767139196,727424.4842671392,35.62118657156127
43,107.5,3997.457464546961,1129322.4696715781,33.59000349546422,12845.53000759784,376185.2681667775,36.247319276965435,7669.171767139196,744561.5155171392,35.54437795725959
44,110.0,3997.457464546961,1155492.818792672,33.45201701644437,12845.53000759784,384635.02951931657,36.21349029951185,7669.171767139196,761698.5467671392,35.418263328820565
45,112.5,3997.457464546961,1181663.1679137656,33.318823260670015,12845.53000759784,393084.7908718556,36.17782582005518,7669.171767139196,778835.5780171392,35.31268296269625
46,115.0,3997.457464546961,1207833.5170348594,33.1878867516127,12845.53000759784,401534.5522243947,36.14545257861789,7669.171767139196,795972.6092671392,35.239187312246315
47,117.5,3997.457464546961,1234003.8661559531,33.005714212183854,12845.53000759784,409984.31357693375,36.05205075397447,7669.171767139196,813109.6405171392,35.15199632410922
48,120.0,3997.457464546961,1260174.215277047,32.85908078570755,12845.53000759784,418434.0749294728,35.992333540652936,7669.171767139196,830246.6717671392,35.06396637623468
49,122.5,3997.457464546961,1286344.5643981406,32.71974353554907,12845.53000759784,426883.8362820119,35.938248535645386,7669.171767139196,847383.7030171392,34.966090360779496
50,125.0,3997.457464546961,1312514.9135192344,32.58622968188681,12845.53000759784,435333.59763455094,35.88346691022224,7669.171767139196,864520.7342671392,34.88543225036406
51,127.5,3997.457464546961,1338685.2626403281,32.45566892296715,12845.53000759784,443783.35898709,35.82930138352815,7669.171767139196,881657.7655171392,34.81968052328777
52,130.0,3997.457464546961,1364855.611761422,32.301864838078686,12845.53000759784,452233.12033962907,35.774986330699974,7669.171767139196,898794.7967671392,34.66195686813802
53,132.5,3997.457464546961,1391025.9608825156,32.15407741817681,12845.53000759784,460682.8816921681,35.72284828943257,7669.171767139196,915931.8280171392,34.56882430517336
54,135.0,3997.457464546961,1417196.3100036094,32.016428611399526,12845.53000759784,469132.6430447072,35.66916645584697,7669.171767139196,933068.8592671392,34.471184608342554
55,137.5,3997.457464546961,1443366.6591247031,31.884715887050792,12845.53000759784,477582.40439724625,35.61565542801713,7669.171767139196,950205.8905171392,34.35864178681083
56,140.0,3997.457464546961,1469537.008245797,31.752604319180243,12845.53000759784,486032.1657497853,35.5641019401432,7669.171767139196,967342.9217671392,34.274047703915144
57,142.5,3997.457464546961,1495707.3573668906,31.628315045144543,12845.53000759784,494481.9271023244,35.47300340388894,7669.171767139196,984479.9530171392,34.19553556073831
58,145.0,3997.457464546961,1521877.7064879844,31.47848748846512,12845.53000759784,502931.68845486344,35.3927507395482,7669.171767139196,1001616.9842671392,34.09013421484928
59,147.5,3997.457464546961,1548048.0556090781,31.34112640323633,12845.53000759784,511381.4498074025,35.32351673417369,7669.171767139196,1018754.0155171392,34.00342422088177
60,150.0,3997.457464546961,1574218.404730172,31.215540275400908,12845.53000759784,519831.21115994157,35.254919708983394,7669.171767139196,1035891.0467671392,33.88737511363075
61,152.5,3997.457464546961,1600388.7538512656,31.09065361126642,12845.53000759784,528280.9725124807,35.18699988946842,7669.171767139196,1053028.078017139,33.76426454979492
62,155.0,3997.457464546961,1626559.1029723594,30.967930494219562,12845.53000759784,536730.7338650197,35.121520986195925,7669.171767139196,1070165.109267139,33.665776351260625
63,157.5,3997.457464546961,1652729.4520934531,30.847619129373115,12845.53000759784,545180.4952175588,35.053045039351844,7669.171767139196,1087302.140517139,33.557689750735086
64,160.0,3997.457464546961,1678899.801214547,30.708883436049092,12845.53000759784,553630.2565700979,34.990419870528655,7669.171767139196,1104439.171767139,33.469125226942126
65,162.5,3997.457464546961,1705070.1503356406,30.5887132713023,12845.53000759784,562080.0179226369,34.92293712574202,7669.171767139196,1121576.203017139,33.38300139278194
66,165.0,3997.457464546961,1731240.4994567344,30.463735373277203,12845.53000759784,570529.779275176,34.86004132341791,7669.171767139196,1138713.234267139,33.29916439215439
67,167.5,3997.457464546961,1757410.8485778281,30.34378992205134,12845.53000759784,578979.5406277151,34.79595817941642,7669.171767139196,1155850.265517139,33.19720638154492
68,170.0,3997.457464546961,1783581.197698922,30.236301712477534,12845.53000759784,587429.3019802541,34.688334215024184,7669.171767139196,1172987.296767139,33.07215224676706
69,172.5,3997.457464546961,1809751.5468200156,30.117245539022882,12845.53000759784,595879.0633327932,34.60769080879725,7669.171767139196,1190124.328017139,32.95234283926854
70,175.0,3997.457464546961,1835921.8959411094,29.96955551499125,12845.53000759784,604328.8246853322,34.5285667483869,7669.171767139196,1207261.359267139,32.86467143497472
71,177.5,3997.457464546961,1862092.2450622031,29.845898447459575,12845.53000759784,612778.5860378713,34.455996860612295,7669.171767139196,1224398.390517139,32.76148194256682
72,180.0,3997.457464546961,1888262.594183297,29.74341947121831,12845.53000759784,621228.3473904104,34.382491736799714,7669.171767139196,1241535.421767139,32.681535271914214
73,182.5,3997.457464546961,1914432.9433043906,29.657094379188077,12845.53000759784,629678.1087429494,34.311826309713446,7669.171767139196,1258672.453017139,32.58011091197625
74,185.0,3997.457464546961,1940603.2924254844,29.560624295692463,12845.53000759784,638127.8700954885,34.24441766045065,7669.171767139196,1275809.484267139,32.493086984590065
75,187.5,3997.457464546961,1966773.6415465781,29.42825445889391,12845.53000759784,646577.6314480276,34.17511390386572,7669.171767139196,1292946.515517139,32.409612428078425
76,190.0,3997.457464546961,1992943.990667672,29.31094469873813,12845.53000759784,655027.3928005666,34.106414031479765,7669.171767139196,1310083.546767139,32.290732893652276
77,192.5,3997.457464546961,2019114.3397887656,29.206477101771032,12845.53000759784,663477.1541531057,34.042077117302625,7669.171767139196,1327220.578017139,32.18525298625538
78,195.0,3997.457464546961,2045284.6889098594,29.095662168612275,12845.53000759784,671926.9155056447,33.947011609575824,7669.171767139196,1344357.609267139,32.09320610548012
79,197.5,3997.457464546961,2071455.0380309531,28.99266043799745,12845.53000759784,680376.6768581838,33.85239310399221,7669.171767139196,1361494.640517139,32.00100693798253
80,200.0,3997.457464546961,2097625.387152047,28.893467287897035,12845.53000759784,688826.4382107229,33.77552226700026,7669.171767139196,1378631.671767139,31.90649028235193
81,202.5,3997.457464546961,2123795.7362731406,28.781703179637198,12845.53000759784,697276.1995632619,33.69512587518962,7669.171767139196,1395768.703017139,31.824338251989705
82,205.0,3997.457464546961,2149966.0853942344,28.678860972470876,12845.53000759784,705725.960915801,33.62015582172449,7669.171767139196,1412905.734267139,31.7330387081024
83,207.5,3997.457464546961,2176136.434515328,28.577317742632214,12845.53000759784,714175.7222683401,33.545645198683275,7669.171767139196,1430042.765517139,31.634654538220104
84,210.0,3997.457464546961,2202306.783636422,28.480516374583136,12845.53000759784,722625.4836208791,33.47634355085703,7669.171767139196,1447179.796767139,31.554824261800686
85,212.5,3997.457464546961,2228477.1327575156,28.38469052561909,12845.53000759784,731075.2449734182,33.40594356113477,7669.171767139196,1464316.828017139,31.458121784545963
86,215.0,3997.457464546961,2254647.4818786094,28.292408055234315,12845.53000759784,739525.0063259572,33.337239574473266,7669.171767139196,1481453.859267139,31.358355415066942
87,217.5,3997.457464546961,2280817.830999703,28.189581418614658,12845.53000759784,747974.7676784963,33.268473041357275,7669.171767139196,1498590.890517139,31.275622150236508
88,220.0,3997.457464546961,2306988.180120797,28.092209604670014,12845.53000759784,756424.5290310354,33.2006799186672,7669.171767139196,1515727.921767139,31.18673609879149
89,222.5,3997.457464546961,2333158.5292418906,27.99737910862718,12845.53000759784,764874.2903835744,33.09887051680511,7669.171767139196,1532864.953017139,31.106110251434966
90,225.0,3997.457464546961,2359328.8783629844,27.904095495503107,12845.53000759784,773324.0517361135,33.013921267465356,7669.171767139196,1550001.984267139,31.01562330631249
91,227.5,3997.457464546961,2385499.227484078,27.812950872283366,12845.53000759784,781773.8130886526,32.93533516815532,7669.171767139196,1567139.015517139,30.922686493809834
92,230.0,3997.457464546961,2411669.576605172,27.72817991945091,12845.53000759784,790223.5744411916,32.86011387104788,7669.171767139196,1584276.046767139,30.84625918772566
93,232.5,3997.457464546961,2437839.9257262656,27.626547445604462,12845.53000759784,798673.3357937307,32.78756625192858,7669.171767139196,1601413.078017139,30.73646296093726
94,235.0,3997.457464546961,2464010.2748473594,27.535445430252384,12845.53000759784,807123.0971462697,32.71590064265651,7669.171767139196,1618550.109267139,30.665679733276143
95,237.5,3997.457464546961,2490180.623968453,27.44372187578027,12845.53000759784,815572.8584988088,32.64933465374141,7669.171767139196,1635687.140517139,30.574360514063976
96,240.0,3997.457464546961,2516350.973089547,27.35983296416687,12845.53000759784,824022.6198513479,32.57937164608719,7669.171767139196,1652824.171767139,30.498285561609613
97,242.5,3997.457464546961,2542521.3222106406,27.27855671828135,12845.53000759784,832472.3812038869,32.5091065448759,7669.171767139196,1669961.203017139,30.413494461790748
98,245.0,3997.457464546961,2568691.6713317344,27.199123053163937,12845.53000759784,840922.142556426,32.43989093503949,7669.171767139196,1687098.234267139,30.327003348603032
99,247.5,3997.457464546961,2594862.020452828,27.103390886544968,12845.53000759784,849371.9039089651,32.372351971978276,7669.171767139196,1704235.265517139,30.257441756990207
100,250.0,3997.457464546961,2621032.369573922,27.014567004586915,12845.53000759784,857821.6652615041,32.27687626009566,7669.171767139196,1721372.296767139,30.183624631031737
101,252.5,3997.457464546961,2647202.7186950156,26.932107599554772,12845.53000759784,866271.4266140432,32.1947582516289,7669.171767139196,1738509.328017139,30.08750899322544
102,255.0,3997.457464546961,2673373.0678161094,26.850249149820012,12845.53000759784,874721.1879665822,32.1215927031046,7669.171767139196,1755646.359267139,29.99047981350985
103,257.5,3997.457464546961,2699543.416937203,26.772018634576757,12845.53000759784,883170.9493191213,32.05066386734278,7669.171767139196,1772783.390517139,29.910808187527543
104,260.0,3997.457464546961,2725713.766058297,26.697651578646273,12845.53000759784,891620.7106716604,31.981347653981537,7669.171767139196,1789920.421767139,29.836472127491
105,262.5,3997.457464546961,2751884.1151793906,26.6098787815026,12845.53000759784,900070.4720241994,31.909303806786205,7669.171767139196,1807057.453017139,29.777872652721932
106,265.0,3997.457464546961,2778054.4643004844,26.52607923292964,12845.53000759784,908520.2333767385,31.84344831183111,7669.171767139196,1824194.484267139,29.700727053778174
107,267.5,3997.457464546961,2804224.813421578,26.44858732757036,12845.53000759784,916969.9947292776,31.775994442614156,7669.171767139196,1841331.515517139,29.627546159556953
108,270.0,3997.457464546961,2830395.162542672,26.370990765675664,12845.53000759784,925419.7560818166,31.71400693981401,7669.171767139196,1858468.546767139,29.566348981579686
109,272.5,3997.457464546961,2856565.5116637656,26.297923644563205,12845.53000759784,933869.5174343557,31.65461770169066,7669.171767139196,1875605.578017139,29.48274722150401
110,275.0,3997.457464546961,2882735.8607848594,26.223151011661443,12845.53000759784,942319.2787868947,31.590978323659883,7669.171767139196,1892742.609267139,29.38945917057454
111,277.5,3997.457464546961,2908906.209905953,26.14363385121041,12845.53000759784,950769.0401394338,31.50229871806644,7669.171767139196,1909879.640517139,29.30504978383801
112,280.0,3997.457464546961,2935076.559027047,26.065067060441983,12845.53000759784,959218.8014919729,31.426725564365164,7669.171767139196,1927016.671767139,29.2248005867948
113,282.5,3997.457464546961,2961246.9081481406,25.989898843806763,12845.53000759784,967668.5628445119,31.35837979872331,7669.171767139196,1944153.703017139,29.169215525718055
114,285.0,3997.457464546961,2987417.2572692344,25.916820137250017,12845.53000759784,976118.324197051,31.287914666144655,7669.171767139196,1961290.734267139,29.082991961678317
115,287.5,3997.457464546961,3013587.606390328,25.84918642593592,12845.53000759784,984568.0855495901,31.21943010101376,7669.171767139196,1978427.765517139,29.023239202153867
116,290.0,3997.457464546961,3039757.955511422,25.77842540841896,12845.53000759784,993017.8469021291,31.150415923773988,7669.171767139196,1995564.796767139,28.954058845614167
117,292.5,3997.457464546961,3065928.3046325156,25.70472008103934,12845.53000759784,1001467.6082546682,31.082742196891463,7669.171767139196,2012701.828017139,28.884524986890327
118,295.0,3997.457464546961,3092098.6537536094,25.62963184514688,12845.53000759784,1009917.3696072072,31.02088092631736,7669.171767139196,2029838.859267139,28.79944370229602
119,297.5,3997.457464546961,3118269.002874703,25.558458168287324,12845.53000759784,1018367.1309597463,30.955958736013926,7669.171767139196,2046975.890517139,28.727425933299074
120,300.0,3997.457464546961,3144439.351995797,25.488086833818176,12845.53000759784,1026816.8923122854,30.89383378479578,7669.171767139196,2064112.921767139,28.657432358216933
121,302.5,3997.457464546961,3170609.7011168906,25.42337375564918,12845.53000759784,1035266.6536648244,30.83694643116715,7669.171767139196,2081249.953017139,28.585374480177013
122,305.0,3997.457464546961,3196780.0502379844,25.35853624050698,12845.53000759784,1043716.4150173635,30.754371045457805,7669.171767139196,2098386.9842671393,28.530317339201194
123,307.5,3997.457464546961,3222950.399359078,25.293466032600488,12845.53000759784,1052166.1763699024,30.69310225104378,7669.171767139196,2115524.0155171393,28.46916778122796
124,310.0,3997.457464546961,3249120.748480172,25.216353003428175,12845.53000759784,1060615.9377224415,30.634500871701835,7669.171767139196,2132661.0467671393,28.393835386386318
125,312.5,3997.457464546961,3275291.0976012656,25.148154287704312,12845.53000759784,1069065.6990749806,30.568412997778065,7669.171767139196,2149798.0780171393,28.322308144331657
126,315.0,3997.457464546961,3301461.4467223594,25.081948400459247,12845.53000759784,1077515.4604275196,30.5001956767545,7669.171767139196,2166935.1092671393,28.26602628439401
127,317.5,3997.457464546961,3327631.795843453,25.020692886537567,12845.53000759784,1085965.2217800587,30.435690598254258,7669.171767139196,2184072.1405171393,28.185730362840786
128,320.0,3997.457464546961,3353802.144964547,24.956344825715608,12845.53000759784,1094414.9831325978,30.374116364125957,7669.171767139196,2201209.1717671393,28.126908958147318
129,322.5,3997.457464546961,3379972.4940856406,24.895195863545293,12845.53000759784,1102864.7444851368,30.31807971085826,7669.171767139196,2218346.2030171393,28.06868578449928
130,325.0,3997.457464546961,3406142.8432067344,24.82433767184926,12845.53000759784,1111314.5058376759,30.260253648783845,7669.171767139196,2235483.2342671393,27.98767834479605
131,327.5,3997.457464546961,3432313.192327828,24.760627303883645,12845.53000759784,1119764.267190215,30.203398085503213,7669.171767139196,2252620.2655171393,27.930178805589854
132,330.0,3997.457464546961,3458483.541448922,24.696907012136236,12845.53000759784,1128214.028542754,30.14852329939845,7669.171767139196,2269757.2967671393,27.86198552689182
133,332.5,3997.457464546961,3484653.8905700156,24.635028701129844,12845.53000759784,1136663.789895293,30.074604283487506,7669.171767139196,2286894.3280171393,27.804606041529567
134,335.0,3997.457464546961,3510824.2396911094,24.578243039362242,12845.53000759784,1145113.5512478321,29.997636444844957,7669.171767139196,2304031.3592671393,27.74828849510326
135,337.5,3997.457464546961,3536994.588812203,24.5182706176956,12845.53000759784,1153563.3126003712,29.917625623016043,7669.171767139196,2321168.3905171393,27.689094510055988
136,340.0,3997.457464546961,3563164.937933297,24.453010851533065,12845.53000759784,1162013.0739529103,29.8543621159973,7669.171767139196,2338305.4217671393,27.620768493488196
137,342.5,3997.457464546961,3589335.2870543906,24.389237275583117,12845.53000759784,1170462.8353054493,29.79919294931849,7669.171767139196,2355442.4530171393,27.544483054665708
138,345.0,3997.457464546961,3615505.6361754844,24.331640777332343,12845.53000759784,1178912.5966579884,29.749736746213273,7669.171767139196,2372579.4842671393,27.488813656628082
139,347.5,3997.457464546961,3641675.985296578,24.271534599706182,12845.53000759784,1187362.3580105274,29.70099032144105,7669.171767139196,2389716.5155171393,27.42659746270164
140,350.0,3997.457464546961,3667846.334417672,24.216290804233978,12845.53000759784,1195812.1193630665,29.657258245960318,7669.171767139196,2406853.5467671393,27.37498902463255
141,352.5,3997.457464546961,3694016.6835387656,24.158674309214568,12845.53000759784,1204261.8807156056,29.617090211070387,7669.171767139196,2423990.5780171393,27.31617791575281
142,355.0,3997.457464546961,3720187.0326598594,24.101834013806602,12845.53000759784,1212711.6420681446,29.559642099608094,7669.171767139196,2441127.6092671393,27.259838686229024
143,357.5,3997.457464546961,3746357.381780953,24.038651051082777,12845.53000759784,1221161.4034206837,29.49518434111446,7669.171767139196,2458264.6405171393,27.196588093106975
144,360.0,3997.457464546961,3772527.730902047,23.980486117075223,12845.53000759784,1229611.1647732228,29.4156640702654,7669.171767139196,2475401.6717671393,27.14417019086445
145,362.5,3997.457464546961,3798698.0800231406,23.923456095512936,12845.53000759784,1238060.9261257618,29.35642479561259,7669.171767139196,2492538.7030171393,27.083550311437264
146,365.0,3997.457464546961,3824868.4291442344,23.869011935299675,12845.53000759784,1246510.6874783009,29.293415548791977,7669.171767139196,2509675.7342671393,27.014796859960054
147,367.5,3997.457464546961,3851038.778265328,23.814585101553906,12845.53000759784,1254960.44883084,29.23762048905892,7669.171767139196,2526812.7655171393,26.95248374431964
148,370.0,3997.457464546961,3877209.127386422,23.762607975789866,12845.53000759784,1263410.210183379,29.186151910215305,7669.171767139196,2543949.7967671393,26.898447272318762
149,372.5,3997.457464546961,3903379.4765075156,23.70425100587927,12845.53000759784,1271859.971535918,29.135625436102245,7669.171767139196,2561086.8280171393,26.842685253164063
150,375.0,3997.457464546961,3929549.8256286094,23.645449389243733,12845.53000759784,1280309.7328884571,29.08110426462132,7669.171767139196,2578223.8592671393,26.792978272922312
151,377.5,3997.457464546961,3955720.174749703,23.591600811595818,12845.53000759784,1288759.4942409962,29.02273931944938,7669.171767139196,2595360.8905171393,26.746533254397843
152,380.0,3997.457464546961,3981890.523870797,23.539580628368242,12845.53000759784,1297209.2555935353,28.965288485517263,7669.171767139196,2612497.9217671393,26.68573923000487
153,382.5,3997.457464546961,4008060.8729918906,23.488746638598258,12845.53000759784,1305659.0169460743,28.91438013436752,7669.171767139196,2629634.9530171393,26.630272948734714
154,385.0,3997.457464546961,4034231.2221129844,23.43817827990087,12845.53000759784,1314108.7782986134,28.86340224878325,7669.171767139196,2646771.9842671393,26.567487332857493
155,387.5,3997.457464546961,4060401.571234078,23.384543398082144,12845.53000759784,1322558.5396511524,28.808154450393392,7669.171767139196,2663909.0155171393,26.520060712208718
156,390.0,3997.457464546961,4086571.920355172,23.327676665617346,12845.53000759784,1331008.3010036915,28.752879830842563,7669.171767139196,2681046.0467671393,26.46206527337682
157,392.5,3997.457464546961,4112742.2694762656,23.27612732979443,12845.53000759784,1339458.0623562306,28.69933102444852,7669.171767139196,2698183.0780171393,26.402162458650672
158,395.0,3997.457464546961,4138912.6185973594,23.22394474987614,12845.53000759784,1347907.8237087696,28.64711318569221,7669.171767139196,2715320.1092671393,26.360121508918184
159,397.5,3997.457464546961,4165082.967718453,23.174754335412274,12845.53000759784,1356357.5850613087,28.593656475130558,7669.171767139196,2732457.1405171393,26.297756898175102
160,400.0,3997.457464546961,4191253.316839547,23.126132792798984,12845.53000759784,1364807.3464138478,28.54016958635492,7669.171767139196,2749594.1717671393,26.25678852871367
161,402.5,3997.457464546961,4217423.665960641,23.07781920834916,12845.53000759784,1373257.1077663868,28.49086809066117,7669.171767139196,2766731.2030171393,26.21241704073453
162,405.0,3997.457464546961,4243594.015081734,23.025303856970446,12845.53000759784,1381706.8691189259,28.43499090657916,7669.171767139196,2783868.2342671393,26.156043243528643
163,407.5,3997.457464546961,4269764.364202828,22.97320784012308,12845.53000759784,1390156.630471465,28.386957801921533,7669.171767139196,2801005.2655171393,26.088665879453853
164,410.0,3997.457464546961,4295934.713323922,22.924412259720143,12845.53000759784,1398606.391824004,28.338262389916228,7669.171767139196,2818142.2967671393,26.043254350823144
165,412.5,3997.457464546961,4322105.062445016,22.876427420409367,12845.53000759784,1407056.153176543,28.289063863483328,7669.171767139196,2835279.3280171393,25.99167394342485
166,415.0,3997.457464546961,4348275.411566109,22.8284711452392,12845.53000759784,1415505.9145290821,28.236264761527178,7669.171767139196,2852416.3592671393,25.94599143578838
167,417.5,3997.457464546961,4374445.760687203,22.78234283715185,12845.53000759784,1423955.6758816212,28.17929243132095,7669.171767139196,2869553.3905171393,25.893115627505793
168,420.0,3997.457464546961,4400616.109808297,22.735696958502153,12845.53000759784,1432405.4372341603,28.130489509343874,7669.171767139196,2886690.4217671393,25.841659143013338
169,422.5,3997.457464546961,4426786.458929391,22.68278620037355,12845.53000759784,1440855.1985866993,28.081694211068076,7669.171767139196,2903827.4530171393,25.7922311596619
170,425.0,3997.457464546961,4452956.808050484,22.634016852304484,12845.53000759784,1449304.9599392384,28.033763617062508,7669.171767139196,2920964.4842671393,25.750094174962474
171,427.5,3997.457464546961,4479127.157171578,22.588532883870634,12845.53000759784,1457754.7212917774,27.98649389385462,7669.171767139196,2938101.5155171393,25.698234176221767
172,430.0,3997.457464546961,4505297.506292672,22.542484110240988,12845.53000759784,1466204.4826443165,27.93805848536989,7669.171767139196,2955238.5467671393,25.648174086948792
173,432.5,3997.457464546961,4531467.855413766,22.497360382889514,12845.53000759784,1474654.2439968556,27.888207273815333,7669.171767139196,2972375.5780171393,25.592423767741824
174,435.0,3997.457464546961,4557638.204534859,22.45251657879361,12845.53000759784,1483104.0053493946,27.840615980470517,7669.171767139196,2989512.6092671393,25.54706125893617
175,437.5,3997.457464546961,4583808.553655953,22.406003420660134,12845.53000759784,1491553.7667019337,27.793662273996738,7669.171767139196,3006649.6405171393,25.495704546900843
176,440.0,3997.457464546961,4609978.902777047,22.358783043898157,12845.53000759784,1500003.5280544728,27.749957695579788,7669.171767139196,3023786.6717671393,25.447832747159854
177,442.5,3997.457464546961,4636149.251898141,22.311893334866042,12845.53000759784,1508453.2894070118,27.70394799083604,7669.171767139196,3040923.7030171393,25.411193818841337
178,445.0,3997.457464546961,4662319.601019234,22.26844676836827,12845.53000759784,1516903.0507595509,27.649143449681635,7669.171767139196,3058060.7342671393,25.358148711731324
179,447.5,3997.457464546961,4688489.950140328,22.223645489219948,12845.53000759784,1525352.81211209,27.59794791071255,7669.171767139196,3075197.7655171393,25.31083273313716
180,450.0,3997.457464546961,4714660.299261422,22.18025239119449,12845.53000759784,1533802.573464629,27.55155148901896,7669.171767139196,3092334.7967671393,25.26442801842686
181,452.5,3997.457464546961,4740830.648382516,22.138919772538486,12845.53000759784,1542252.334817168,27.50473749136421,7669.171767139196,3109471.8280171393,25.218541101387686
182,455.0,3997.457464546961,4767000.997503609,22.09254692964745,12845.53000759784,1550702.0961697071,27.459412234053936,7669.171767139196,3126608.8592671393,25.17261263678885
183,457.5,3997.457464546961,4793171.346624703,22.04799408777916,12845.53000759784,1559151.8575222462,27.412428902407168,7669.171767139196,3143745.8905171393,25.12308257720553
184,460.0,3997.457464546961,4819341.695745797,22.004210372971187,12845.53000759784,1567601.6188747853,27.370985450426303,7669.171767139196,3160882.9217671393,25.079892782340202
185,462.5,3997.457464546961,4845512.044866891,21.96132649234462,12845.53000759784,1576051.3802273243,27.327072636380127,7669.171767139196,3178019.9530171393,25.032636920991926
186,465.0,3997.457464546961,4871682.393987984,21.920755062713116,12845.53000759784,1584501.1415798634,27.280895871577336,7669.171767139196,3195156.9842671393,24.996721849129713
187,467.5,3997.457464546961,4897852.743109078,21.88140124584627,12845.53000759784,1592950.9029324024,27.240079945406897,7669.171767139196,3212294.0155171393,24.9544081466229
188,470.0,3997.457464546961,4924023.092230172,21.839305566558288,12845.53000759784,1601400.6642849415,27.19633051023085,7669.171767139196,3229431.0467671393,24.904916682912162
189,472.5,3997.457464546961,4950193.441351266,21.793378769326964,12845.53000759784,1609850.4256374806,27.151630492981994,7669.171767139196,3246568.0780171393,24.860843763434943
190,475.0,3997.457464546961,4976363.790472359,21.749553311431487,12845.53000759784,1618300.1869900196,27.100462136991258,7669.171767139196,3263705.1092671393,24.812184613271175
191,477.5,3997.457464546961,5002534.139593453,21.709061133004326,12845.53000759784,1626749.9483425587,27.054640551785717,7669.171767139196,3280842.1405171393,24.771728964451473
192,480.0,3997.457464546961,5028704.488714547,21.67034944177429,12845.53000759784,1635199.7096950978,27.008939344750686,7669.171767139196,3297979.1717671393,24.729435405496822
193,482.5,3997.457464546961,5054874.837835641,21.628666424001096,12845.53000759784,1643649.4710476368,26.96553359474454,7669.171767139196,3315116.2030171393,24.695832233041855
194,485.0,3997.457464546961,5081045.186956734,21.589886239619176,12845.53000759784,1652099.2324001759,26.923000059685464,7669.171767139196,3332253.2342671393,24.6485678783195
195,487.5,3997.457464546961,5107215.536077828,21.551886710525864,12845.53000759784,1660548.993752715,26.87797858012559,7669.171767139196,3349390.2655171393,24.605813365987462
196,490.0,3997.457464546961,5133385.885198922,21.507568562334782,12845.53000759784,1668998.755105254,26.838098880117762,7669.171767139196,3366527.2967671393,24.567670041524572
197,492.5,3997.457464546961,5159556.234320016,21.46704380027743,12845.53000759784,1677448.516457793,26.7969244571017,7669.171767139196,3383664.3280171393,24.529113873393452
198,495.0,3997.457464546961,5185726.583441109,21.427065216472258,12845.53000759784,1685898.2778103321,26.758919730450145,7669.171767139196,3400801.3592671393,24.48732110138338
199,497.5,3997.457464546961,5211896.932562203,21.386992213502932,12845.53000759784,1694348.0391628712,26.71789360832515,7669.171767139196,3417938.3905171393,24.426969595014846
200,500.0,3997.457464546961,5238067.281683297,21.351067948695075,12845.53000759784,1702797.8005154103,26.679595600725882,7669.171767139196,3435075.4217671393,24.38461627436893
201,502.5,3997.457464546961,5264237.630804391,21.31293717415252,12845.53000759784,1711247.5618679493,26.629853138174152,7669.171767139196,3452212.4530171393,24.34502110947213
202,505.0,3997.457464546961,5290407.979925484,21.275509096195286,12845.53000759784,1719697.3232204884,26.587109775984338,7669.171767139196,3469349.4842671393,24.30343812965614
203,507.5,3997.457464546961,5316578.329046578,21.232525459678953,12845.53000759784,1728147.0845730274,26.542598711910905,7669.171767139196,3486486.5155171393,24.271752951336957
204,510.0,3997.457464546961,5342748.678167672,21.193614540659564,12845.53000759784,1736596.8459255665,26.500364319006493,7669.171767139196,3503623.5467671393,24.224009325346834
205,512.5,3997.457464546961,5368919.027288766,21.156889876217985,12845.53000759784,1745046.6072781056,26.45893880206611,7669.171767139196,3520760.5780171393,24.187433950814487
206,515.0,3997.457464546961,5395089.376409859,21.119634700816352,12845.53000759784,1753496.3686306446,26.42179606508615,7669.171767139196,3537897.6092671393,24.152079508970154
207,517.5,3997.457464546961,5421259.725530953,21.083795522226172,12845.53000759784,1761946.1299831837,26.379427185145097,7669.171767139196,3555034.6405171393,24.11271851678295
208,520.0,3997.457464546961,5447430.074652047,21.04741308225856,12845.53000759784,1770395.8913357228,26.341891426482455,7669.171767139196,3572171.6717671393,24.076981918680733
209,522.5,3997.457464546961,5473600.423773141,21.011317432676705,12845.53000759784,1778845.6526882618,26.303098244626916,7669.171767139196,3589308.7030171393,24.036883490954587
210,525.0,3997.457464546961,5499770.772894234,20.96930089438832,12845.53000759784,1787295.4140408009,26.26354993146846,7669.171767139196,3606445.7342671393,23.992052964512038
211,527.5,3997.457464546961,5525941.122015328,20.93339021958,12845.53000759784,1795745.17539334,26.228629046509937,7669.171767139196,3623582.7655171393,23.952795616806366
212,530.0,3997.457464546961,5552111.471136422,20.896357597516694,12845.53000759784,1804194.936745879,26.188527707094885,7669.171767139196,3640719.7967671393,23.921658865978458
213,532.5,3997.457464546961,5578281.820257516,20.860047035413878,12845.53000759784,1812644.698098418,26.141454667578152,7669.171767139196,3657856.8280171393,23.88341448271229
214,535.0,3997.457464546961,5604452.169378609,20.82422121528184,12845.53000759784,1821094.4594509571,26.101132943368984,7669.171767139196,3674993.8592671393,23.84717045372392
215,537.5,3997.457464546961,5630622.518499703,20.79082449822275,12845.53000759784,1829544.2208034962,26.06244688795753,7669.171767139196,3692130.8905171393,23.805528270635115
216,540.0,3997.457464546961,5656792.867620797,20.75684291862094,12845.53000759784,1837993.9821560353,26.022220101830854,7669.171767139196,3709267.9217671393,23.768708796279125
217,542.5,3997.457464546961,5682963.216741891,20.716357719490368,12845.53000759784,1846443.7435085743,25.983549629592424,7669.171767139196,3726404.9530171393,23.72121502563093
218,545.0,3997.457464546961,5709133.565862984,20.68108341662535,12845.53000759784,1854893.5048611134,25.944619843880528,7669.171767139196,3743541.9842671393,23.68322618459168
219,547.5,3997.457464546961,5735303.914984078,20.646785476825237,12845.53000759784,1863343.2662136524,25.909562718486086,7669.171767139196,3760679.0155171393,23.6410676336356
220,550.0,3997.457464546961,5761474.264105172,20.611635689696712,12845.53000759784,1871793.0275661915,25.872646406857278,7669.171767139196,3777816.0467671393,23.603545850126118
221,552.5,3997.457464546961,5787644.613226266,20.577021718744195,12845.53000759784,1880242.7889187306,25.835203896416946,7669.171767139196,3794953.0780171393,23.5702682114254
222,555.0,3997.457464546961,5813814.962347359,20.545662735096727,12845.53000759784,1888692.5502712696,25.799706117139376,7669.171767139196,3812090.1092671393,23.540439338359114
223,557.5,3997.457464546961,5839985.311468453,20.511462568342587,12845.53000759784,1897142.3116238087,25.764122319550168,7669.171767139196,3829227.1405171393,23.502162002230662
224,560.0,3997.457464546961,5866155.660589547,20.474859946149813,12845.53000759784,1905592.0729763478,25.7292903660065,7669.171767139196,3846364.1717671393,23.468066754881868
225,562.5,3997.457464546961,5892326.009710641,20.439159957407256,12845.53000759784,1914041.8343288868,25.684499729093233,7669.171767139196,3863501.2030171393,23.430773752734556
226,565.0,3997.457464546961,5918496.358831734,20.405716410096467,12845.53000759784,1922491.5956814259,25.643019727486145,7669.171767139196,3880638.2342671393,23.400413545128238
227,567.5,3997.457464546961,5944666.707952828,20.372343612363288,12845.53000759784,1930941.357033965,25.60932092305933,7669.171767139196,3897775.2655171393,23.359458803455606
228,570.0,3997.457464546961,5970837.057073922,20.339049530382,12845.53000759784,1939391.118386504,25.570712576086912,7669.171767139196,3914912.2967671393,23.327940627480128
229,572.5,3997.457464546961,5997007.406195016,20.30766814689491,12845.53000759784,1947840.879739043,25.535707851284215,7669.171767139196,3932049.3280171393,23.285740912055978
230,575.0,3997.457464546961,6023177.755316109,20.2765150167614,12845.53000759784,1956290.6410915821,25.49916767939863,7669.171767139196,3949186.3592671393,23.25102008479896
231,577.5,3997.457464546961,6049348.104437203,20.24005632793831,12845.53000759784,1964740.4024441212,25.462994765179676,7669.171767139196,3966323.3905171393,23.21209444325687
232,580.0,3997.457464546961,6075518.453558297,20.20533735916983,12845.53000759784,1973190.1637966603,25.42847428595114,7669.171767139196,3983460.4217671393,23.176122171237292
233,582.5,3997.457464546961,6101688.802679391,20.173900256272713,12845.53000759784,1981639.9251491993,25.393467551441667,7669.171767139196,4000597.4530171393,23.144446840229357
234,585.0,3997.457464546961,6127859.151800484,20.141423871854848,12845.53000759784,1990089.6865017384,25.359592079677086,7669.171767139196,4017734.4842671393,23.11516327956333
235,587.5,3997.457464546961,6154029.500921578,20.110980309138135,12845.53000759784,1998539.4478542774,25.326549167733937,7669.171767139196,4034871.5155171393,23.080936449704716
236,590.0,3997.457464546961,6180199.850042672,20.079157930037887,12845.53000759784,2006989.2092068165,25.292887664631213,7669.171767139196,4052008.5467671393,23.035782224698636
237,592.5,3997.457464546961,6206370.199163766,20.04937196921592,12845.53000759784,2015438.9705593556,25.251100045861833,7669.171767139196,4069145.5780171393,23.004748045654814
238,595.0,3997.457464546961,6232540.548284859,20.014674544802432,12845.53000759784,2023888.7319118946,25.214585423594507,7669.171767139196,4086282.6092671393,22.971760409703887
239,597.5,3997.457464546961,6258710.897405953,19.98161788367971,12845.53000759784,2032338.4932644337,25.17903486724464,7669.171767139196,4103419.6405171393,22.94472205030616
240,600.0,3997.457464546961,6284881.246527047,19.950936243923017,12845.53000759784,2040788.2546169728,25.14311876073119,7669.171767139196,4120556.6717671393,22.901143658595004
241,602.5,3997.457464546961,6311051.595648141,19.919801100600274,12845.53000759784,2049238.0159695118,25.108266119518646,7669.171767139196,4137693.7030171393,22.874491164380363
242,605.0,3997.457464546961,6337221.944769234,19.888105543561128,12845.53000759784,2057687.7773220509,25.07557532013175,7669.171767139196,4154830.7342671393,22.844520469689332
243,607.5,3997.457464546961,6363392.293890328,19.859989957472237,12845.53000759784,2066137.53867459,25.040682498912172,7669.171767139196,4171967.7655171393,22.811422491069777
244,610.0,3997.457464546961,6389562.643011422,19.82966953305475,12845.53000759784,2074587.300027129,25.008849344806983,7669.171767139196,4189104.7967671393,22.78235903450044
245,612.5,3997.457464546961,6415732.992132516,19.797443311485672,12845.53000759784,2083037.061379668,24.977292789126913,7669.171767139196,4206241.828017139,22.744173699102028
246,615.0,3997.457464546961,6441903.341253609,19.76609646951807,12845.53000759784,2091486.8227322071,24.945537469957678,7669.171767139196,4223378.859267139,22.7125276358084
247,617.5,3997.457464546961,6468073.690374703,19.735531139103337,12845.53000759784,2099936.5840847464,24.913761798040255,7669.171767139196,4240515.890517139,22.67170330941166
248,620.0,3997.457464546961,6494244.039495797,19.70603772884522,12845.53000759784,2108386.3454372855,24.883343079516006,7669.171767139196,4257652.921767139,22.635872675141844
249,622.5,3997.457464546961,6520414.388616891,19.675731568009756,12845.53000759784,2116836.1067898246,24.841450834422538,7669.171767139196,4274789.953017139,22.608047563470826
250,625.0,3997.457464546961,6546584.737737984,19.647384687807946,12845.53000759784,2125285.8681423636,24.80522773450817,7669.171767139196,4291926.984267139,22.57088796284299
251,627.5,3997.457464546961,6572755.086859078,19.61790762273845,12845.53000759784,2133735.6294949027,24.771397979482256,7669.171767139196,4309064.015517139,22.541119169174944
252,630.0,3997.457464546961,6598925.435980172,19.589789131764405,12845.53000759784,2142185.3908474417,24.738554274114808,7669.171767139196,4326201.046767139,22.516847574259767
253,632.5,3997.457464546961,6625095.785101266,19.55751649556954,12845.53000759784,2150635.152199981,24.705491946782082,7669.171767139196,4343338.078017139,22.48356379107337
254,635.0,3997.457464546961,6651266.134222359,19.528366228715857,12845.53000759784,2159084.91355252,24.67439755182032,7669.171767139196,4360475.109267139,22.458807804328067
255,637.5,3997.457464546961,6677436.483343453,19.49760362539337,12845.53000759784,2167534.674905059,24.6433553577561,7669.171767139196,4377612.140517139,22.43329779698215
256,640.0,3997.457464546961,6703606.832464547,19.47048598733364,12845.53000759784,2175984.436257598,24.612061208004242,7669.171767139196,4394749.171767139,22.39869577324731
257,642.5,3997.457464546961,6729777.181585641,19.44190387508553,12845.53000759784,2184434.197610137,24.579716714372196,7669.171767139196,4411886.203017139,22.360631234743195
258,645.0,3997.457464546961,6755947.530706734,19.413413036956104,12845.53000759784,2192883.958962676,24.550335555918732,7669.171767139196,4429023.234267139,22.32596452701354
259,647.5,3997.457464546961,6782117.879827828,19.386780544461292,12845.53000759784,2201333.720315215,24.51927593724757,7669.171767139196,4446160.265517139,22.296668526936063
260,650.0,3997.457464546961,6808288.228948922,19.356391095590762,12845.53000759784,2209783.4816677542,24.490087854573378,7669.171767139196,4463297.296767139,22.260272663628765
261,652.5,3997.457464546961,6834458.578070016,19.326188012634105,12845.53000759784,2218233.2430202933,24.451697492913162,7669.171767139196,4480434.328017139,22.228152064701586
262,655.0,3997.457464546961,6860628.927191109,19.2980079552068,12845.53000759784,2226683.0043728324,24.417941649180612,7669.171767139196,4497571.359267139,22.20381281185562
263,657.5,3997.457464546961,6886799.276312203,19.270990819272743,12845.53000759784,2235132.7657253714,24.38607072528075,7669.171767139196,4514708.390517139,22.172939515525233
264,660.0,3997.457464546961,6912969.625433297,19.243675136578776,12845.53000759784,2243582.5270779105,24.35493461786741,7669.171767139196,4531845.421767139,22.148987201585197
265,662.5,3997.457464546961,6939139.974554391,19.216308470324396,12845.53000759784,2252032.2884304496,24.323849694638703,7669.171767139196,4548982.453017139,22.12226307247039
266,665.0,3997.457464546961,6965310.323675484,19.189706721124253,12845.53000759784,2260482.0497829886,24.29518866232568,7669.171767139196,4566119.484267139,22.084013948293734
267,667.5,3997.457464546961,6991480.672796578,19.16422110847741,12845.53000759784,2268931.8111355277,24.26391708652678,7669.171767139196,4583256.515517139,22.056682708548205
268,670.0,3997.457464546961,7017651.021917672,19.133507653912144,12845.53000759784,2277381.5724880667,24.23390641712638,7669.171767139196,4600393.546767139,22.02676412459587
269,672.5,3997.457464546961,7043821.371038766,19.106750649671696,12845.53000759784,2285831.333840606,24.203660628886126,7669.171767139196,4617530.578017139,21.999897105159867
270,675.0,3997.457464546961,7069991.720159859,19.079994076472374,12845.53000759784,2294281.095193145,24.175944403677562,7669.171767139196,4634667.609267139,21.969998184090926
271,677.5,3997.457464546961,7096162.069280953,19.052531230875957,12845.53000759784,2302730.856545684,24.146824360749118,7669.171767139196,4651804.640517139,21.941979644854097
272,680.0,3997.457464546961,7122332.418402047,19.025988527303554,12845.53000759784,2311180.617898223,24.11849165410576,7669.171767139196,4668941.671767139,21.9036931527818
273,682.5,3997.457464546961,7148502.767523141,19.00025876830759,12845.53000759784,2319630.379250762,24.084126722993695,7669.171767139196,4686078.703017139,21.87730620009482
274,685.0,3997.457464546961,7174673.116644234,18.9741520024614,12845.53000759784,2328080.140603301,24.05089839654318,7669.171767139196,4703215.734267139,21.855026973536873
275,687.5,3997.457464546961,7200843.465765328,18.94736218469901,12845.53000759784,2336529.90195584,24.0194572292334,7669.171767139196,4720352.765517139,21.82670845747913
276,690.0,3997.457464546961,7227013.814886422,18.920553295848357,12845.53000759784,2344979.6633083792,23.990170490403738,7669.171767139196,4737489.796767139,21.786282533180504
277,692.5,3997.457464546961,7253184.164007516,18.893686095021142,12845.53000759784,2353429.4246609183,23.9610624828415,7669.171767139196,4754626.828017139,21.75804322127865
278,695.0,3997.457464546961,7279354.513128609,18.867272066618657,12845.53000759784,2361879.1860134574,23.931819834102264,7669.171767139196,4771763.859267139,21.72986139199427
279,697.5,3997.457464546961,7305524.862249703,18.842043149796112,12845.53000759784,2370328.9473659964,23.902854940089483,7669.171767139196,4788900.890517139,21.70772213890734
280,700.0,3997.457464546961,7331695.211370797,18.81773152032926,12845.53000759784,2378778.7087185355,23.876313693820453,7669.171767139196,4806037.921767139,21.679079393070616
281,702.5,3997.457464546961,7357865.560491891,18.79203166227819,12845.53000759784,2387228.4700710746,23.846240446152333,7669.171767139196,4823174.953017139,21.651744341824852
282,705.0,3997.457464546961,7384035.909612984,18.76774085488739,12845.53000759784,2395678.2314236136,23.819018186658433,7669.171767139196,4840311.984267139,21.629420173607166
283,707.5,3997.457464546961,7410206.258734078,18.7399513341873,12845.53000759784,2404127.9927761527,23.792497976543395,7669.171767139196,4857449.015517139,21.595594087888507
284,710.0,3997.457464546961,7436376.607855172,18.713679015682956,12845.53000759784,2412577.7541286917,23.762647725196757,7669.171767139196,4874586.046767139,21.570515849709857
285,712.5,3997.457464546961,7462546.956976266,18.687573601275243,12845.53000759784,2421027.515481231,23.732289833755257,7669.171767139196,4891723.078017139,21.546315603545256
286,715.0,3997.457464546961,7488717.306097359,18.663836998915322,12845.53000759784,2429477.27683377,23.701691127436455,7669.171767139196,4908860.109267139,21.507122919075737
287,717.5,3997.457464546961,7514887.655218453,18.638757917879428,12845.53000759784,2437927.038186309,23.67062084552494,7669.171767139196,4925997.140517139,21.48562049541582
288,720.0,3997.457464546961,7541058.004339547,18.61454606739166,12845.53000759784,2446376.799538848,23.64438574593879,7669.171767139196,4943134.171767139,21.450691377333605
289,722.5,3997.457464546961,7567228.353460641,18.592023093937723,12845.53000759784,2454826.560891387,23.61621736485047,7669.171767139196,4960271.203017139,21.429084851291343
290,725.0,3997.457464546961,7593398.702581734,18.567955901526968,12845.53000759784,2463276.322243926,23.586555587216637,7669.171767139196,4977408.234267139,21.407399202535654
291,727.5,3997.457464546961,7619569.051702828,18.541073884453258,12845.53000759784,2471726.083596465,23.55818709632644,7669.171767139196,4994545.265517139,21.37743621894628
292,730.0,3997.457464546961,7645739.400823922,18.515502713007955,12845.53000759784,2480175.8449490042,23.532973661896417,7669.171767139196,5011682.296767139,21.351779926892508
293,732.5,3997.457464546961,7671909.749945016,18.491207999004352,12845.53000759784,2488625.6063015433,23.50512361496191,7669.171767139196,5028819.328017139,21.325857121695417
294,735.0,3997.457464546961,7698080.099066109,18.46630472706387,12845.53000759784,2497075.3676540824,23.477869464927423,7669.171767139196,5045956.359267139,21.301583116235374
295,737.5,3997.457464546961,7724250.448187203,18.443074420008077,12845.53000759784,2505525.1290066214,23.45128130681857,7669.171767139196,5063093.390517139,21.281009400136867
296,740.0,3997.457464546961,7750420.797308297,18.420459302515653,12845.53000759784,2513974.8903591605,23.426106869287832,7669.171767139196,5080230.421767139,21.25182339893836
297,742.5,3997.457464546961,7776591.146429391,18.397567397995537,12845.53000759784,2522424.6517116996,23.39988884978878,7669.171767139196,5097367.453017139,21.221021971549895
298,745.0,3997.457464546961,7802761.495550484,18.374031195275904,12845.53000759784,2530874.4130642386,23.369165416578944,7669.171767139196,5114504.484267139,21.189152576277653
299,747.5,3997.457464546961,7828931.844671578,18.34870400578707,12845.53000759784,2539324.1744167777,23.339087981701994,7669.171767139196,5131641.515517139,21.162150063028555
300,750.0,3997.457464546961,7855102.193792672,18.323613843091714,12845.53000759784,2547773.9357693167,23.310555978452868,7669.171767139196,5148778.546767139,21.13690075742895
301,752.5,3997.457464546961,7881272.542913766,18.299567512466545,12845.53000759784,2556223.697121856,23.28388983110161,7669.171767139196,5165915.578017139,21.110992334764575
302,755.0,3997.457464546961,7907442.892034859,18.27806112460447,12845.53000759784,2564673.458474395,23.258472345332063,7669.171767139196,5183052.609267139,21.09053551145431
303,757.5,3997.457464546961,7933613.241155953,18.254058142151678,12845.53000759784,2573123.219826934,23.23123382664292,7669.171767139196,5200189.640517139,21.06406113893678
304,760.0,3997.457464546961,7959783.590277047,18.231934872309882,12845.53000759784,2581572.981179473,23.20504368351221,7669.171767139196,5217326.671767139,21.039128071484665
305,762.5,3997.457464546961,7985953.939398141,18.210913023914213,12845.53000759784,2590022.742532012,23.17947196436117,7669.171767139196,5234463.703017139,21.014103541617516
306,765.0,3997.457464546961,8012124.288519234,18.188188766165247,12845.53000759784,2598472.503884551,23.15244877606467,7669.171767139196,5251600.734267139,20.987096044813267
307,767.5,3997.457464546961,8038294.637640328,18.16237276065416,12845.53000759784,2606922.26523709,23.12850937031488,7669.171767139196,5268737.765517139,20.962998309406796
308,770.0,3997.457464546961,8064464.986761422,18.139365528872226,12845.53000759784,2615372.0265896292,23.10425608223866,7669.171767139196,5285874.796767139,20.939245110546565
309,772.5,3997.457464546961,8090635.335882516,18.11711503423407,12845.53000759784,2623821.7879421683,23.077146558809925,7669.171767139196,5303011.828017139,20.91161579945605
310,775.0,3997.457464546961,8116805.685003609,18.093617886350525,12845.53000759784,2632271.5492947074,23.050344730733507,7669.171767139196,5320148.859267139,20.88341333775749
311,777.5,3997.457464546961,8142976.034124703,18.072194688985256,12845.53000759784,2640721.3106472464,23.02071246642336,7669.171767139196,5337285.890517139,20.85500598084094
312,780.0,3997.457464546961,8169146.383245797,18.050909912887075,12845.53000759784,2649171.0719997855,22.994486912884415,7669.171767139196,5354422.921767139,20.83580925796598
313,782.5,3997.457464546961,8195316.732366891,18.029560291106442,12845.53000759784,2657620.8333523246,22.967722491043613,7669.171767139196,5371559.953017139,20.812911902091997
314,785.0,3997.457464546961,8221487.081487984,18.006890757676636,12845.53000759784,2666070.5947048636,22.942424758704547,7669.171767139196,5388696.984267139,20.78426571379562
315,787.5,3997.457464546961,8247657.430609078,17.98406436033748,12845.53000759784,2674520.3560574027,22.916625642685627,7669.171767139196,5405834.015517139,20.762190271167707
316,790.0,3997.457464546961,8273827.779730172,17.960744631554903,12845.53000759784,2682970.1174099417,22.890741076506114,7669.171767139196,5422971.046767139,20.737090640480464
317,792.5,3997.457464546961,8299998.128851266,17.938428944258412,12845.53000759784,2691419.878762481,22.86818457366115,7669.171767139196,5440108.078017139,20.714724766697223
318,795.0,3997.457464546961,8326168.477972359,17.91689921651495,12845.53000759784,2699869.64011502,22.842363213822985,7669.171767139196,5457245.109267139,20.69180307243185
319,797.5,3997.457464546961,8352338.827093453,17.896481744865163,12845.53000759784,2708319.401467559,22.817674478499107,7669.171767139196,5474382.140517139,20.666378442648693
320,800.0,3997.457464546961,8378509.176214547,17.87478034655726,12845.53000759784,2716769.162820098,22.794171029754118,7669.171767139196,5491519.171767139,20.647076479082656
321,802.5,3997.457464546961,8404679.525335642,17.85531232456212,12845.53000759784,2725218.924172637,22.770447923708872,7669.171767139196,5508656.203017139,20.621284024645348
322,805.0,3997.457464546961,8430849.874456735,17.832762924321703,12845.53000759784,2733668.685525176,22.74627830571117,7669.171767139196,5525793.234267139,20.596947427428212
323,807.5,3997.457464546961,8457020.22357783,17.808736041603872,12845.53000759784,2742118.446877715,22.71847381859638,7669.171767139196,5542930.265517139,20.572644529080797
324,810.0,3997.457464546961,8483190.572698923,17.788011697295097,12845.53000759784,2750568.2082302542,22.691791737222538,7669.171767139196,5560067.296767139,20.54424504382157
325,812.5,3997.457464546961,8509360.921820017,17.766152616846473,12845.53000759784,2759017.9695827933,22.665565145431348,7669.171767139196,5577204.328017139,20.522643474735922
326,815.0,3997.457464546961,8535531.27094111,17.746101889327576,12845.53000759784,2767467.7309353324,22.64233989710588,7669.171767139196,5594341.359267139,20.499504159786106
327,817.5,3997.457464546961,8561701.620062204,17.72619092674313,12845.53000759784,2775917.4922878714,22.61627170497917,7669.171767139196,5611478.390517139,20.47334411207356
328,820.0,3997.457464546961,8587871.969183298,17.70677568791108,12845.53000759784,2784367.2536404105,22.59063472049649,7669.171767139196,5628615.421767139,20.449540303744186
329,822.5,3997.457464546961,8614042.318304392,17.684841955296594,12845.53000759784,2792817.0149929496,22.568101255700803,7669.171767139196,5645752.453017139,20.42784171652442
330,825.0,3997.457464546961,8640212.667425485,17.663897199291732,12845.53000759784,2801266.7763454886,22.544465909205897,7669.171767139196,5662889.484267139,20.404102876127315
331,827.5,3997.457464546961,8666383.01654658,17.64225680636323,12845.53000759784,2809716.5376980277,22.52142133838898,7669.171767139196,5680026.515517139,20.38482227112556
332,830.0,3997.457464546961,8692553.365667673,17.620387131779225,12845.53000759784,2818166.2990505667,22.497559571264297,7669.171767139196,5697163.546767139,20.360728421752476
333,832.5,3997.457464546961,8718723.714788767,17.60122647627317,12845.53000759784,2826616.060403106,22.475105068699484,7669.171767139196,5714300.578017139,20.34251479506352
334,835.0,3997.457464546961,8744894.06390986,17.581353170834102,12845.53000759784,2835065.821755645,22.452778929067478,7669.171767139196,5731437.609267139,20.321949601114117
335,837.5,3997.457464546961,8771064.413030954,17.562319369784575,12845.53000759784,2843515.583108184,22.430474590592798,7669.171767139196,5748574.640517139,20.29478237014121
336,840.0,3997.457464546961,8797234.762152048,17.54117109584114,12845.53000759784,2851965.344460723,22.403381645971304,7669.171767139196,5765711.671767139,20.273808855998787
337,842.5,3997.457464546961,8823405.111273142,17.521359105026406,12845.53000759784,2860415.105813262,22.37592148732436,7669.171767139196,5782848.703017139,20.242588689765284
338,845.0,3997.457464546961,8849575.460394235,17.502134112682555,12845.53000759784,2868864.867165801,22.351901229552222,7669.171767139196,5799985.734267139,20.219988121566818
339,847.5,3997.457464546961,8875745.80951533,17.47938107506289,12845.53000759784,2877314.62851834,22.328434264596172,7669.171767139196,5817122.765517139,20.19771341642699
340,850.0,3997.457464546961,8901916.158636423,17.459669934037038,12845.53000759784,2885764.3898708792,22.304345462074412,7669.171767139196,5834259.796767139,20.17684839827944
341,852.5,3997.457464546961,8928086.507757517,17.440500373289108,12845.53000759784,2894214.1512234183,22.281524091273116,7669.171767139196,5851396.828017139,20.156470678568084
342,855.0,3997.457464546961,8954256.85687861,17.420007373152426,12845.53000759784,2902663.9125759574,22.258998471739424,7669.171767139196,5868533.859267139,20.139220816153287
343,857.5,3997.457464546961,8980427.205999704,17.401101220773604,12845.53000759784,2911113.6739284964,22.236704257277108,7669.171767139196,5885670.890517139,20.11150907439523
344,860.0,3997.457464546961,9006597.555120798,17.38179722463188,12845.53000759784,2919563.4352810355,22.21520177305656,7669.171767139196,5902807.921767139,20.092329677574536
345,862.5,3997.457464546961,9032767.904241892,17.362568895079818,12845.53000759784,2928013.1966335746,22.193459226048212,7669.171767139196,5919944.953017139,20.07533356029667
346,865.0,3997.457464546961,9058938.253362985,17.343927942878253,12845.53000759784,2936462.9579861136,22.170471908889287,7669.171767139196,5937081.984267139,20.053198192576712
347,867.5,3997.457464546961,9085108.60248408,17.323324466876343,12845.53000759784,2944912.7193386527,22.14761456386521,7669.171767139196,5954219.015517139,20.026217029552992
348,870.0,3997.457464546961,9111278.951605173,17.30447146257029,12845.53000759784,2953362.4806911917,22.127031319112987,7669.171767139196,5971356.046767139,20.003612743110818
349,872.5,3997.457464546961,9137449.300726267,17.283836185479863,12845.53000759784,2961812.242043731,22.099618971952886,7669.171767139196,5988493.078017139,19.98082193769672
350,875.0,3997.457464546961,9163619.64984736,17.26493594165722,12845.53000759784,2970262.00339627,22.07470481686653,7669.171767139196,6005630.109267139,19.957132910976355
351,877.5,3997.457464546961,9189789.998968454,17.245891947631435,12845.53000759784,2978711.764748809,22.05207836786443,7669.171767139196,6022767.140517139,19.93530044560172
352,880.0,3997.457464546961,9215960.348089548,17.227170669538875,12845.53000759784,2987161.526101348,22.029702136441657,7669.171767139196,6039904.171767139,19.91564893401512
353,882.5,3997.457464546961,9242130.697210642,17.209063943875883,12845.53000759784,2995611.287453887,22.00764528066418,7669.171767139196,6057041.203017139,19.89817332944017
354,885.0,3997.457464546961,9268301.046331735,17.19156609896205,12845.53000759784,3004061.048806426,21.984982174431927,7669.171767139196,6074178.234267139,19.873505883931383
355,887.5,3997.457464546961,9294471.39545283,17.17229247099711,12845.53000759784,3012510.810158965,21.963952316222123,7669.171767139196,6091315.265517139,19.854836269863213
356,890.0,3997.457464546961,9320641.744573923,17.151316909744025,12845.53000759784,3020960.5715115042,21.941673893421804,7669.171767139196,6108452.296767139,19.838044657034736
357,892.5,3997.457464546961,9346812.093695017,17.13256815194879,12845.53000759784,3029410.3328640433,21.921120568715764,7669.171767139196,6125589.328017139,19.816475632536232
358,895.0,3997.457464546961,9372982.44281611,17.11384776181651,12845.53000759784,3037860.0942165824,21.89892617364682,7669.171767139196,6142726.359267139,19.794166701536547
359,897.5,3997.457464546961,9399152.791937204,17.094882588257665,12845.53000759784,3046309.8555691214,21.876565953708166,7669.171767139196,6159863.390517139,19.771992548241162
360,900.0,3997.457464546961,9425323.141058298,17.078304108337484,12845.53000759784,3054759.6169216605,21.856334701950434,7669.171767139196,6177000.421767139,19.74895666578963
361,902.5,3997.457464546961,9451493.490179392,17.060607375062617,12845.53000759784,3063209.3782741996,21.83623466665906,7669.171767139196,6194137.453017139,19.723458401026576
362,905.0,3997.457464546961,9477663.839300485,17.042905651123206,12845.53000759784,3071659.1396267386,21.810629159415736,7669.171767139196,6211274.484267139,19.70408361542817
363,907.5,3997.457464546961,9503834.18842158,17.0245276768491,12845.53000759784,3080108.9009792777,21.787515004384762,7669.171767139196,6228411.515517139,19.686018033544034
364,910.0,3997.457464546961,9530004.537542673,17.005452123239913,12845.53000759784,3088558.6623318167,21.7649379673845,7669.171767139196,6245548.546767139,19.664799176949078
365,912.5,3997.457464546961,9556174.886663767,16.98533572855672,12845.53000759784,3097008.423684356,21.7447229845267,7669.171767139196,6262685.578017139,19.644860016054558
366,915.0,3997.457464546961,9582345.23578486,16.968546191737648,12845.53000759784,3105458.185036895,21.72135673609377,7669.171767139196,6279822.609267139,19.623856003471534
367,917.5,3997.457464546961,9608515.584905954,16.951314528798985,12845.53000759784,3113907.946389434,21.700581506799356,7669.171767139196,6296959.640517139,19.607791672940778
368,920.0,3997.457464546961,9634685.934027048,16.93300246803298,12845.53000759784,3122357.707741973,21.679146899921363,7669.171767139196,6314096.671767139,19.58897690214809
369,922.5,3997.457464546961,9660856.283148142,16.915528655233643,12845.53000759784,3130807.469094512,21.65832780077271,7669.171767139196,6331233.703017139,19.567545309773593
370,925.0,3997.457464546961,9687026.632269235,16.898287220262517,12845.53000759784,3139257.230447051,21.638444846620075,7669.171767139196,6348370.734267139,19.548963243425305
371,927.5,3997.457464546961,9713196.98139033,16.881185925711648,12845.53000759784,3147706.99179959,21.617315767008506,7669.171767139196,6365507.765517139,19.53135588813398
372,930.0,3997.457464546961,9739367.330511423,16.862463680911706,12845.53000759784,3156156.7531521292,21.597684195409776,7669.171767139196,6382644.796767139,19.508240846422915
373,932.5,3997.457464546961,9765537.679632517,16.845242687572007,12845.53000759784,3164606.5145046683,21.577603535624526,7669.171767139196,6399781.828017139,19.485614558107113
374,935.0,3997.457464546961,9791708.02875361,16.826411898315307,12845.53000759784,3173056.2758572074,21.557300725044932,7669.171767139196,6416918.859267139,19.460212857926557
375,937.5,3997.457464546961,9817878.377874704,16.808907911659638,12845.53000759784,3181506.0372097464,21.532801164133616,7669.171767139196,6434055.890517139,19.44482339510532
376,940.0,3997.457464546961,9844048.726995798,16.79121143572005,12845.53000759784,3189955.7985622855,21.510525775216642,7669.171767139196,6451192.921767139,19.426526216154652
377,942.5,3997.457464546961,9870219.076116892,16.77452230546901,12845.53000759784,3198405.5599148246,21.490122987985316,7669.171767139196,6468329.953017139,19.40880182177404
378,945.0,3997.457464546961,9896389.425237985,16.75746059129623,12845.53000759784,3206855.3212673636,21.46873844829893,7669.171767139196,6485466.984267139,19.387198975051362
379,947.5,3997.457464546961,9922559.77435908,16.741073870017072,12845.53000759784,3215305.0826199027,21.448776977194825,7669.171767139196,6502604.015517139,19.37290900817861
380,950.0,3997.457464546961,9948730.123480173,16.72590612664275,12845.53000759784,3223754.8439724417,21.428467172925597,7669.171767139196,6519741.046767139,19.346860186344674
381,952.5,3997.457464546961,9974900.472601267,16.706444737671838,12845.53000759784,3232204.605324981,21.407967558706396,7669.171767139196,6536878.078017139,19.328915699264254
382,955.0,3997.457464546961,10001070.82172236,16.68883246906852,12845.53000759784,3240654.36667752,21.3881828745445,7669.171767139196,6554015.109267139,19.313132679874204
383,957.5,3997.457464546961,10027241.170843454,16.671723767506013,12845.53000759784,3249104.128030059,21.36709725900262,7669.171767139196,6571152.140517139,19.293361331578037
384,960.0,3997.457464546961,10053411.519964548,16.6546712676947,12845.53000759784,3257553.889382598,21.347455498538285,7669.171767139196,6588289.171767139,19.27448684340733
385,962.5,3997.457464546961,10079581.869085642,16.638585246500305,12845.53000759784,3266003.650735137,21.328187516416733,7669.171767139196,6605426.203017139,19.259463244605776
386,965.0,3997.457464546961,10105752.218206735,16.622258483002035,12845.53000759784,3274453.412087676,21.308870327159593,7669.171767139196,6622563.234267139,19.234402693655166
387,967.5,3997.457464546961,10131922.56732783,16.60629363480314,12845.53000759784,3282903.173440215,21.290272004142853,7669.171767139196,6639700.265517139,19.214864024873627
388,970.0,3997.457464546961,10158092.916448923,16.589408090055286,12845.53000759784,3291352.9347927542,21.267993437730915,7669.171767139196,6656837.296767139,19.196293680402768
389,972.5,3997.457464546961,10184263.265570017,16.572877424052912,12845.53000759784,3299802.6961452933,21.245713509179822,7669.171767139196,6673974.328017139,19.178769700043837
390,975.0,3997.457464546961,10210433.61469111,16.555242665363014,12845.53000759784,3308252.4574978324,21.224265454802065,7669.171767139196,6691111.359267139,19.16392569308718
391,977.5,3997.457464546961,10236603.963812204,16.538365479574935,12845.53000759784,3316702.2188503714,21.205727308915844,7669.171767139196,6708248.390517139,19.143995987338926
392,980.0,3997.457464546961,10262774.312933298,16.522456217799785,12845.53000759784,3325151.9802029105,21.18433445170137,7669.171767139196,6725385.421767139,19.121690434935207
393,982.5,3997.457464546961,10288944.662054392,16.506337271845794,12845.53000759784,3333601.7415554496,21.164908430813526,7669.171767139196,6742522.453017139,19.102753061658674
394,985.0,3997.457464546961,10315115.011175485,16.489733566080723,12845.53000759784,3342051.5029079886,21.146911437345423,7669.171767139196,6759659.484267139,19.083061603343182
395,987.5,3997.457464546961,10341285.36029658,16.47359684548702,12845.53000759784,3350501.2642605277,21.127347511581434,7669.171767139196,6776796.515517139,19.0684130944518
396,990.0,3997.457464546961,10367455.709417673,16.45809342989167,12845.53000759784,3358951.0256130667,21.108261839371586,7669.171767139196,6793933.546767139,19.05158343200245
397,992.5,3997.457464546961,10393626.058538767,16.443025940405324,12845.53000759784,3367400.786965606,21.088023032539613,7669.171767139196,6811070.578017139,19.032140251200964
398,995.0,3997.457464546961,10419796.40765986,16.426392437984422,12845.53000759784,3375850.548318145,21.0693359482395,7669.171767139196,6828207.609267139,19.008611655523705
399,997.5,3997.457464546961,10445966.756780954,16.40974088393709,12845.53000759784,3384300.309670684,21.05075725786286,7669.171767139196,6845344.640517139,18.992582189923432
400,1000.0,3997.457464546961,10472137.105902048,16.393182078955896,12845.53000759784,3392750.071023223,21.032124317003827,7669.171767139196,6862481.671767139,18.97484632122739
